{
    "train_accs": [
        0.5521573535745047,
        0.7983486757105943,
        0.8331651055124892,
        0.8490458118001722,
        0.8600748277347116
    ],
    "train_losses": [
        1.5334991355274998,
        0.7879704126091891,
        0.6127780675888062,
        0.5281317823154982,
        0.4800096930459488
    ],
    "valid_accs": [
        0.7719880565862709,
        0.8226895871985157,
        0.8352997448979592,
        0.8414163961038962,
        0.8400539192949907
    ],
    "valid_losses": [
        0.9502329338680614,
        0.6815833882852034,
        0.5848472010005604,
        0.5401854054494337,
        0.5037556344812567
    ],
    "train_f1s": [
        0.5233978622679567,
        0.7967136090408442,
        0.8328090838146718,
        0.8481463465709322,
        0.8595880456298484
    ],
    "valid_f1s": [
        0.7691293253472964,
        0.8199353353312886,
        0.8315765887304326,
        0.8384199292346041,
        0.8355540386126812
    ]
}