{
    "train_accs": [
        0.5407649655469423,
        0.7965991063738157,
        0.8332189384151594,
        0.8526122416020671,
        0.8656936369509043
    ],
    "train_losses": [
        1.5755872199701708,
        0.7985731973204502,
        0.6167696076770162,
        0.5261265448359556,
        0.47939864563387496
    ],
    "valid_accs": [
        0.7456081864564008,
        0.7958603896103896,
        0.8357925556586271,
        0.8275452226345084,
        0.8511421614100185
    ],
    "valid_losses": [
        0.9913305802778765,
        0.6956885565410961,
        0.5872577320445668,
        0.5417241129008207,
        0.5051379908214916
    ],
    "train_f1s": [
        0.5051371208598163,
        0.7934236071620488,
        0.8320640068313886,
        0.85205826442219,
        0.8653751306995485
    ],
    "valid_f1s": [
        0.7355534181242674,
        0.7916309490942162,
        0.8321304453633259,
        0.8234061732536915,
        0.8503252122417966
    ]
}